{"BarCode": [{"deviceID": "BarCode1", "source": 1, "QoS": 2, "resource": "barcode", "dt": 0.1, "unit": ""}], "Motion": [{"deviceID": "Motion1", "QoS": 2, "resource": "motion", "dt": 1, "pin": 13, "unit": ""}], "Weight": [{"deviceID": "Weight1", "QoS": 2, "reference_unit": -105, "dt": 0.5, "DT": 29, "unit": "g", "n_samples_avg": 5, "SCK": 31, "resource": "weight"}], "Temperature": [{"deviceID": "Temperature1", "QoS": 2, "threshold": 10.0, "resource": "temperature", "dt": 10, "pin": 11, "unit": "Celsius", "name": 17}], "Humidity": [{"deviceID": "Humidity1", "QoS": 2, "resource": "humidity", "dt": 5, "pin": 11, "unit": "%", "name": 17}]}